 ,Label,Area,Mean,StdDev,Mode,Min,Max,X,Y,XM,YM,Perim.,BX,BY,Width,Height,Major,Minor,Angle,Circ.,Feret,IntDen,Median,Skew,Kurt,%Area,RawIntDen,Slice,FeretX,FeretY,FeretAngle,MinFeret,AR,Round,Solidity
1,image.tiff:0262-0007,185,123.432,19.607,114,99,203,8.273,261.673,8.641,261.545,64.641,0,256,20,13,20.357,11.571,6.106,0.556,26.249,22835.000,117,1.835,2.057,0,22835.000,1,-5,267,17.745,13.000,1.759,0.568,0.710
2,image.tiff:0288-0025,275,120.760,11.780,113,101,155,26.013,288.518,25.971,288.363,64.637,14,280,23,16,24.894,14.065,22.262,0.827,25.554,33209.000,119,0.647,0.685,0,33209.000,1,14,295,30.579,15.038,1.770,0.565,0.937
3,image.tiff:0267-0059,256,125.832,13.951,114,102,174,59.625,268.051,59.640,268.157,61.870,48,260,22,15,23.519,13.859,12.996,0.840,23.770,32213.000,124,0.340,4.661,0,32213.000,1,48,272,22.249,14.068,1.697,0.589,0.933
4,image.tiff:0307-0064,398,120.304,16.303,108,94,191,64.691,306.736,64.485,306.731,75.345,51,297,26,20,25.869,19.589,170.020,0.881,26.683,47881.000,115,1.860,-1.776,0,47881.000,1,51,306,167.005,20.000,1.321,0.757,0.936
5,image.tiff:0276-0095,219,136.466,19.008,132,98,186,94.445,275.578,94.317,275.661,57.692,85,269,20,15,19.779,14.097,179.545,0.827,20.881,29886.000,136,0.312,1.251,0,29886.000,1,85,272,163.301,15.000,1.403,0.713,0.903
6,image.tiff:0365-0005,232,121.414,10.794,114,96,151,5.612,364.767,5.501,364.794,63.897,0,354,13,22,21.882,13.499,90.796,0.714,23.409,28168.000,121,-0.364,6.487,0,28168.000,1,-1,376,70.017,15.000,1.621,0.617,0.814
7,image.tiff:0404-0009,307,130.528,17.306,132,101,191,8.754,405.060,8.844,404.828,64.674,0,395,18,19,20.884,18.717,121.197,0.922,23.431,40072.000,130,0.866,-0.843,0,40072.000,1,2,396,129.806,18.000,1.116,0.896,0.968
8,image.tiff:0402-0028,397,126.234,13.585,116,95,166,28.321,402.802,28.413,402.426,83.207,20,386,17,33,34.174,14.791,81.685,0.721,34.205,50115.000,125,0.019,2.056,0,50115.000,1,23,419,74.745,16.169,2.310,0.433,0.910
9,image.tiff:0378-0045,130,107.492,20.645,91,84,183,44.992,378.423,45.277,378.334,43.042,37,373,16,11,15.602,10.609,165.974,0.882,16.763,13974.000,101,1.777,0.467,0,13974.000,1,37,376,162.646,11.000,1.471,0.680,0.929
10,image.tiff:0393-0052,146,119.014,10.719,115,98,159,52.130,393.322,52.042,393.382,44.111,45,387,14,13,14.586,12.745,30.330,0.943,15.620,17376.000,117,2.231,-24.640,0,17376.000,1,47,399,50.194,13.000,1.144,0.874,0.936
11,image.tiff:0363-0063,186,124.763,11.983,121,100,160,63.484,362.290,63.327,362.174,51.107,55,356,17,14,17.086,13.861,178.091,0.895,18.028,23206.000,124,-0.581,10.383,0,23206.000,1,55,365,19.440,14.000,1.233,0.811,0.935
12,image.tiff:0421-0044,283,127.102,13.795,132,93,163,43.935,420.405,43.791,420.395,62.975,35,411,19,20,19.726,18.266,63.953,0.897,21.190,35970.000,128,-0.070,-0.622,0,35970.000,1,41,431,70.710,19.000,1.080,0.926,0.939
13,image.tiff:0434-0062,201,122.920,11.515,118,101,161,63.480,435.674,63.304,435.777,62.425,50,428,25,13,25.974,9.853,15.634,0.648,25.962,24707.000,121,1.972,-16.635,0,24707.000,1,50,439,15.642,11.420,2.636,0.379,0.878
14,image.tiff:0349-0092,120,139.175,8.172,142,120,158,91.425,349.667,91.351,349.639,41.395,86,343,12,13,12.599,12.127,49.478,0.880,14.318,16701.000,140,-0.798,18.682,0,16701.000,1,87,356,65.225,12.000,1.039,0.962,0.923
15,image.tiff:0332-0101,207,141.208,8.720,138,120,172,102.679,331.254,102.637,331.286,56.216,94,322,15,20,19.807,13.307,106.394,0.823,20.396,29230.000,140,1.411,-15.794,0,29230.000,1,102,322,101.310,14.316,1.488,0.672,0.914
16,image.tiff:0329-0136,328,131.823,13.855,125,97,163,135.677,328.091,135.807,327.845,77.705,124,317,25,24,30.359,13.756,47.263,0.683,32.558,43238.000,133,0.299,-6.879,0,43238.000,1,125,340,42.510,15.477,2.207,0.453,0.884
17,image.tiff:0290-0147,344,119.520,12.399,118,94,157,147.352,290.776,147.238,290.613,69.250,137,279,20,23,24.029,18.227,120.230,0.901,25.080,41115.000,118,0.710,-2.903,0,41115.000,1,144,279,113.499,19.232,1.318,0.759,0.940
18,image.tiff:0307-0180,423,123.099,12.125,132,94,173,179.606,306.696,179.802,306.539,76.282,170,294,20,26,26.534,20.298,86.800,0.913,27.203,52071.000,123,0.455,0.975,0,52071.000,1,176,320,72.897,20.000,1.307,0.765,0.948
19,image.tiff:0407-0064,137,129.642,14.014,120,103,169,64.858,407.179,64.880,407.251,43.931,58,400,13,14,14.286,12.210,50.181,0.892,15.652,17761.000,129,0.380,0.537,0,17761.000,1,62,414,63.435,12.728,1.170,0.855,0.929
20,image.tiff:0402-0081,240,127.271,17.836,133,94,176,81.367,401.788,81.332,401.768,59.109,75,391,13,22,22.371,13.659,88.122,0.863,22.804,30545.000,128,0.599,-1.824,0,30545.000,1,78,413,74.745,13.000,1.638,0.611,0.952
21,image.tiff:0348-0179,320,136.625,10.256,141,101,165,179.806,348.663,179.830,348.537,70.066,172,335,15,27,27.413,14.863,98.257,0.819,27.893,43720.000,138,-2.227,27.272,0,43720.000,1,176,335,104.534,15.000,1.844,0.542,0.943
22,image.tiff:0380-0178,235,116.885,12.476,107,96,155,178.109,379.487,178.040,379.453,56.239,170,371,16,18,18.397,16.264,94.141,0.934,19.313,27468.000,116,0.194,4.516,0,27468.000,1,174,371,111.251,16.000,1.131,0.884,0.948
23,image.tiff:0372-0154,235,141.255,7.967,143,122,169,154.257,372.202,154.270,372.192,57.829,144,365,21,14,21.631,13.832,167.388,0.883,22.472,33195.000,141,3.709,-84.677,0,33195.000,1,144,368,159.146,14.000,1.564,0.639,0.948
24,image.tiff:0333-0222,323,125.409,15.994,117,95,171,222.593,333.060,222.574,332.581,68.038,213,322,19,23,24.967,16.472,59.844,0.877,26.077,40507.000,124,0.631,-2.954,0,40507.000,1,216,344,57.529,17.445,1.516,0.660,0.943
25,image.tiff:0290-0234,259,150.853,11.684,145,124,197,233.322,291.322,233.135,291.068,65.508,225,279,18,22,25.025,13.177,127.917,0.758,26.627,39071.000,149,0.962,1.597,0,39071.000,1,226,279,124.287,14.803,1.899,0.527,0.920
26,image.tiff:0296-0266,233,133.292,13.406,134,104,177,265.942,296.564,266.010,296.437,56.777,258,288,17,17,17.801,16.665,7.014,0.908,19.723,31057.000,134,-0.446,6.829,0,31057.000,1,258,302,30.466,17.000,1.068,0.936,0.936
27,image.tiff:0374-0209,232,135.750,18.318,144,100,231,209.177,373.849,209.230,373.776,59.448,200,365,19,18,23.283,12.687,44.313,0.825,24.759,31494.000,135,1.460,5.052,0,31494.000,1,200,383,43.363,13.435,1.835,0.545,0.932
28,image.tiff:0364-0239,361,124.496,16.978,111,89,187,239.267,364.965,239.230,364.496,70.805,228,354,23,21,23.647,19.437,146.556,0.905,25.080,44943.000,121,0.923,-2.921,0,44943.000,1,228,360,156.501,19.799,1.217,0.822,0.945
29,image.tiff:0233-0148,396,155.346,35.373,141,102,255,147.884,232.386,148.401,232.950,88.673,134,222,29,22,28.040,17.982,169.040,0.633,31.780,61517.000,145,0.867,-0.098,0,61517.000,1,134,226,155.854,21.479,1.559,0.641,0.808
30,image.tiff:0321-0203,195,148.610,9.087,146,130,179,202.659,321.433,202.669,321.294,55.068,196,311,14,21,19.795,12.543,94.333,0.808,21.378,28979.000,147,1.266,-13.457,0,28979.000,1,200,332,79.216,13.294,1.578,0.634,0.894
31,image.tiff:0242-0266,291,129.134,13.111,130,101,170,266.215,242.314,266.171,241.908,64.353,259,231,15,23,23.686,15.642,85.513,0.883,23.770,37578.000,129,-0.586,9.744,0,37578.000,1,262,254,67.751,15.000,1.514,0.660,0.953
32,image.tiff:0306-0309,140,117.886,15.552,115,97,174,309.307,307.257,309.334,307.191,46.860,304,298,11,17,17.505,10.183,102.349,0.801,18.385,16504.000,114,0.760,5.541,0,16504.000,1,306,298,112.380,11.000,1.719,0.582,0.900
33,image.tiff:0301-0328,207,116.246,8.157,114,101,139,328.234,300.655,328.323,300.606,53.675,320,294,17,15,17.563,15.006,7.630,0.903,18.385,24063.000,115,1.197,-12.379,0,24063.000,1,320,296,157.620,15.000,1.170,0.854,0.954
34,image.tiff:0261-0345,259,123.614,14.789,112,95,178,344.890,260.801,345.009,260.745,59.725,335,253,20,16,21.033,15.679,160.955,0.912,21.932,32016.000,122,0.983,-0.297,0,32016.000,1,335,255,155.772,16.000,1.341,0.745,0.949
35,image.tiff:0276-0379,271,128.262,20.295,122,98,191,379.293,276.478,378.988,276.412,60.921,370,268,19,17,20.598,16.751,28.571,0.918,22.023,34759.000,123,0.878,0.439,0,34759.000,1,370,283,39.472,17.000,1.230,0.813,0.951
36,image.tiff:0252-0373,313,129.556,13.662,128,99,162,373.184,252.334,373.315,252.235,65.435,363,242,20,20,20.992,18.985,45.429,0.919,22.361,40551.000,129,0.468,-3.689,0,40551.000,1,363,257,26.565,19.690,1.106,0.904,0.947
37,image.tiff:0284-0356,222,130.811,12.402,134,102,168,355.932,284.662,355.840,284.816,56.935,349,274,15,21,19.920,14.190,85.982,0.861,21.213,29040.000,132,0.190,-3.238,0,29040.000,1,354,274,98.130,15.000,1.404,0.712,0.925
38,image.tiff:0348-0286,448,136.487,13.117,137,104,177,286.580,348.386,286.362,348.148,87.908,275,332,22,32,34.697,16.440,70.517,0.728,34.928,61146.000,137,0.120,1.720,0,61146.000,1,279,364,66.371,17.713,2.111,0.474,0.901
39,image.tiff:0337-0313,237,127.861,19.608,111,94,192,312.352,337.538,312.465,337.814,58.983,303,329,20,16,21.084,14.312,153.883,0.856,22.361,30303.000,126,0.829,-0.225,0,30303.000,1,303,332,153.435,15.471,1.473,0.679,0.922
40,image.tiff:0365-0304,153,125.078,9.647,125,100,152,303.709,364.768,303.745,364.698,45.924,296,359,16,12,16.147,12.064,0.184,0.912,16.763,19137.000,125,-1.124,19.041,0,19137.000,1,296,362,162.646,12.000,1.338,0.747,0.930
41,image.tiff:0328-0380,271,128.664,11.184,136,99,168,379.264,329.020,379.105,329.022,62.516,369,320,22,17,21.372,16.145,7.979,0.871,22.561,34868.000,129,-1.383,18.744,0,34868.000,1,369,327,167.196,16.835,1.324,0.755,0.936
42,image.tiff:0331-0408,327,126.086,13.628,130,95,158,408.601,332.384,408.711,332.211,68.984,397,321,22,21,23.344,17.835,40.605,0.864,24.166,41230.000,125,0.118,-1.584,0,41230.000,1,397,338,24.444,18.385,1.309,0.764,0.937
43,image.tiff:0338-0425,147,148.585,7.315,148,135,177,425.711,339.201,425.750,339.158,47.349,417,332,16,13,17.710,10.568,30.402,0.824,18.868,21842.000,148,-4.673,126.570,0,21842.000,1,417,343,32.005,11.922,1.676,0.597,0.913
44,image.tiff:0314-0440,275,134.371,16.389,141,101,194,440.082,314.929,439.884,314.785,61.174,431,305,19,19,19.944,17.556,139.993,0.923,21.095,36952.000,135,0.719,-3.763,0,36952.000,1,431,310,148.570,18.385,1.136,0.880,0.939
45,image.tiff:0302-0427,136,138.037,13.249,134,111,172,427.162,301.941,427.257,301.721,42.723,421,295,12,14,14.642,11.827,110.834,0.936,15.652,18773.000,138,1.098,-12.586,0,18773.000,1,424,295,116.565,12.000,1.238,0.808,0.935
46,image.tiff:0283-0437,291,124.416,10.113,126,101,162,437.235,283.043,437.278,283.129,63.748,426,275,22,16,23.238,15.944,163.121,0.900,24.597,36205.000,124,1.497,-16.188,0,36205.000,1,426,278,153.435,16.000,1.457,0.686,0.959
47,image.tiff:0252-0198,182,144.192,18.860,138,102,204,198.978,251.802,198.802,251.608,52.579,190,245,17,15,18.963,12.220,147.565,0.827,20.248,26243.000,142,0.379,2.422,0,26243.000,1,190,248,147.095,13.419,1.552,0.644,0.922
48,image.tiff:0263-0160,194,142.134,17.341,138,110,200,160.938,262.948,161.101,262.950,53.704,151,257,19,13,19.809,12.470,175.603,0.845,19.925,27574.000,139,0.882,-1.382,0,27574.000,1,151,260,162.474,13.000,1.589,0.630,0.913
49,image.tiff:0353-0129,92,141.620,11.043,146,120,169,128.609,353.902,128.561,353.907,36.792,123,349,13,9,13.409,8.735,165.510,0.854,14.765,13029.000,142,-0.848,17.090,0,13029.000,1,123,350,151.699,9.000,1.535,0.651,0.929
50,image.tiff:0374-0111,222,140.104,9.752,143,118,171,109.784,374.635,109.902,374.664,66.676,100,364,22,20,26.944,10.491,138.116,0.628,27.019,31103.000,140,-0.347,11.813,0,31103.000,1,100,366,141.009,11.742,2.568,0.389,0.839
51,image.tiff:0330-0021,120,126.492,13.458,140,105,164,21.808,329.617,21.802,329.411,40.689,15,324,13,12,13.247,11.533,27.904,0.911,14.765,15179.000,124,1.363,-11.483,0,15179.000,1,15,332,28.301,12.000,1.149,0.871,0.913
52,image.tiff:0268-0130,134,142.612,19.394,145,102,197,130.149,268.851,130.495,268.937,44.189,123,262,15,12,14.497,11.769,170.511,0.862,15.524,19110.000,144,0.183,-0.461,0,19110.000,1,123,267,165.069,12.000,1.232,0.812,0.924
53,image.tiff:0225-0196,164,141.854,21.559,152,92,190,196.909,224.927,196.707,224.661,50.581,191,216,11,19,19.302,10.818,103.723,0.806,19.925,23264.000,145,-0.376,-1.241,0,23264.000,1,193,216,107.526,11.000,1.784,0.560,0.927
54,image.tiff:0246-0215,114,155.535,17.550,139,127,216,215.061,246.693,215.138,246.566,42.864,208,240,15,12,16.198,8.961,149.274,0.780,16.553,17731.000,153,1.051,2.747,0,17731.000,1,208,243,154.983,9.815,1.808,0.553,0.880
55,image.tiff:0257-0238,215,160.740,12.971,145,130,192,238.374,256.960,238.255,256.815,54.225,229,249,18,16,17.934,15.264,27.836,0.919,19.313,34559.000,161,-0.656,8.655,0,34559.000,1,229,261,21.251,16.000,1.175,0.851,0.933
56,image.tiff:0218-0229,155,152.039,14.652,145,120,190,229.339,217.803,229.129,217.665,47.724,220,213,18,10,18.789,10.504,4.044,0.855,18.974,23566.000,149,1.008,-8.682,0,23566.000,1,220,220,18.435,10.000,1.789,0.559,0.951
57,image.tiff:0343-0359,140,140.186,10.821,144,119,173,359.957,343.693,360.015,343.659,45.086,351,338,17,11,17.083,10.434,13.270,0.865,18.028,19626.000,139,1.134,-12.344,0,19626.000,1,351,346,19.440,11.000,1.637,0.611,0.915
58,image.tiff:0208-0347,269,144.487,15.652,140,112,190,347.790,208.217,348.025,208.158,66.756,334,201,27,14,25.847,13.251,173.278,0.759,27.459,38867.000,142,0.804,-3.979,0,38867.000,1,334,208,169.509,13.981,1.951,0.513,0.928
59,image.tiff:0207-0413,216,111.894,17.430,99,87,168,413.532,207.583,413.226,207.549,60.209,401,202,25,11,25.003,11.000,176.965,0.749,25.495,24169.000,106,1.177,2.983,0,24169.000,1,401,204,168.690,11.000,2.273,0.440,0.923
60,image.tiff:0201-0439,270,129.263,19.199,110,98,186,439.115,201.200,438.863,200.885,69.977,424,196,30,11,30.442,11.293,177.708,0.693,30.414,34901.000,125,1.202,-2.379,0,34901.000,1,424,198,170.538,11.000,2.696,0.371,0.942
61,image.tiff:0234-0449,395,128.554,15.658,122,99,199,449.386,234.391,449.324,234.476,74.045,437,225,25,19,25.412,19.791,168.543,0.905,25.962,50779.000,127,0.735,0.920,0,50779.000,1,437,230,164.358,19.000,1.284,0.779,0.958
62,image.tiff:0224-0474,310,133.897,15.448,134,101,197,474.558,224.058,474.573,223.739,67.865,462,215,24,18,25.712,15.351,157.228,0.846,26.420,41508.000,134,0.580,0.899,0,41508.000,1,463,218,150.524,16.037,1.675,0.597,0.931
63,image.tiff:0258-0467,252,132.607,18.336,119,95,189,466.988,257.893,466.666,257.636,60.803,456,251,22,14,23.131,13.871,172.397,0.857,23.409,33417.000,134,-0.095,1.217,0,33417.000,1,456,254,160.017,14.000,1.668,0.600,0.944
64,image.tiff:0238-0522,377,125.483,14.924,114,96,185,522.521,237.802,522.719,237.762,83.150,505,231,35,14,35.607,13.481,7.959,0.685,36.139,47307.000,123,0.441,5.105,0,47307.000,1,505,242,14.421,14.000,2.641,0.379,0.940
65,image.tiff:0212-0570,435,123.634,13.187,132,93,157,569.925,213.187,570.273,212.743,83.022,556,201,28,23,32.140,17.233,32.883,0.793,33.422,53781.000,123,0.175,0.050,0,53781.000,1,556,223,38.928,18.626,1.865,0.536,0.931
66,image.tiff:0280-0500,244,124.189,10.786,121,92,151,500.230,279.652,500.199,279.559,59.487,491,271,19,18,21.197,14.657,138.775,0.866,21.633,30302.000,124,-0.150,1.800,0,30302.000,1,494,271,123.690,15.556,1.446,0.691,0.928
67,image.tiff:0266-0524,208,132.529,12.406,136,103,164,524.784,265.260,524.743,265.130,58.104,517,255,14,22,22.689,11.672,110.221,0.774,23.409,27566.000,133,-0.342,4.818,0,27566.000,1,521,255,109.983,12.527,1.944,0.514,0.922
68,image.tiff:0274-0545,169,122.627,10.735,127,101,160,545.825,274.778,545.713,274.671,48.825,538,267,15,15,17.245,12.478,137.333,0.891,18.028,20724.000,121,-0.281,11.081,0,20724.000,1,542,267,123.690,12.728,1.382,0.724,0.944
69,image.tiff:0289-0563,280,116.246,13.478,105,92,169,564.254,288.914,564.335,288.967,62.961,553,280,21,18,21.335,16.710,14.233,0.888,22.825,32549.000,113,1.041,1.708,0,32549.000,1,553,293,28.811,17.757,1.277,0.783,0.918
70,image.tiff:0261-0579,211,122.720,13.004,130,98,163,579.339,261.690,579.417,261.842,56.426,573,251,13,20,20.378,13.183,76.161,0.833,22.361,25894.000,123,0.788,-7.245,0,25894.000,1,574,271,63.435,13.000,1.546,0.647,0.934
71,image.tiff:0317-0508,194,123.227,13.506,109,101,161,507.959,317.005,508.129,316.848,51.186,500,310,16,15,15.977,15.460,168.859,0.930,17.493,23906.000,120,1.193,-3.728,0,23906.000,1,501,321,30.964,15.000,1.033,0.968,0.939
72,image.tiff:0306-0543,169,139.970,16.720,143,95,175,543.305,306.459,543.197,306.276,49.859,534,300,18,12,18.307,11.754,19.515,0.854,19.313,23655.000,143,-0.712,2.936,0,23655.000,1,534,311,21.251,12.000,1.558,0.642,0.952
73,image.tiff:0304-0584,249,118.992,9.201,116,98,144,584.255,304.540,584.251,304.399,59.119,577,294,15,21,21.714,14.601,95.431,0.895,22.136,29629.000,119,0.469,-4.020,0,29629.000,1,581,294,108.435,15.000,1.487,0.672,0.933
74,image.tiff:0304-0617,251,125.685,15.770,115,100,180,617.173,304.237,616.944,303.838,61.411,606,296,22,16,23.420,13.646,151.253,0.836,25.060,31547.000,122,0.406,1.710,0,31547.000,1,606,298,151.390,15.180,1.716,0.583,0.930
75,image.tiff:0248-0595,281,128.534,12.707,134,102,164,596.810,246.760,596.908,246.580,70.273,586,236,18,25,26.594,13.454,111.994,0.715,27.785,36118.000,129,0.909,-11.315,0,36118.000,1,587,237,120.256,15.116,1.977,0.506,0.879
76,image.tiff:0225-0613,387,124.256,15.464,109,93,163,613.345,224.205,613.573,223.948,75.607,600,215,27,20,27.877,17.676,19.921,0.851,28.792,48087.000,124,0.357,-1.410,0,48087.000,1,600,229,20.323,18.869,1.577,0.634,0.937
77,image.tiff:0255-0636,370,123.257,17.014,114,94,190,635.154,255.259,635.258,254.892,77.510,626,241,20,28,30.688,15.351,113.728,0.774,30.887,45605.000,120,1.428,1.526,0,45605.000,1,628,242,119.055,16.046,1.999,0.500,0.928
78,image.tiff:0271-0667,203,138.517,17.512,136,102,182,665.687,271.461,666.212,271.375,61.224,655,266,25,11,25.133,10.284,2.049,0.681,25.710,28119.000,139,-0.237,2.774,0,28119.000,1,655,275,13.496,11.000,2.444,0.409,0.902
79,image.tiff:0237-0719,286,122.399,12.335,113,97,166,718.951,237.038,718.842,236.893,67.119,707,229,25,17,25.236,14.430,20.009,0.798,26.249,35006.000,122,0.648,-3.540,0,35006.000,1,707,241,17.745,15.180,1.749,0.572,0.920
80,image.tiff:0213-0729,334,122.808,16.616,104,95,196,729.057,212.716,729.075,212.398,70.405,716,204,26,18,26.107,16.289,162.357,0.847,26.683,41018.000,119,0.615,5.132,0,41018.000,1,716,210,167.005,17.445,1.603,0.624,0.930
81,image.tiff:0227-0775,382,120.571,13.757,122,93,166,775.597,227.369,775.537,226.930,77.080,764,214,22,27,29.588,16.438,124.356,0.808,30.017,46058.000,120,0.305,-1.051,0,46058.000,1,768,215,119.982,17.678,1.800,0.556,0.923
82,image.tiff:0212-0800,296,115.919,12.660,107,96,161,801.169,212.115,801.076,212.030,67.677,789,203,23,19,25.731,14.647,148.690,0.812,26.926,34312.000,114,1.105,1.089,0,34312.000,1,789,207,148.671,15.582,1.757,0.569,0.922
83,image.tiff:0279-0779,285,113.446,9.327,109,92,142,779.339,280.188,779.397,280.177,64.046,771,269,17,21,23.224,15.625,121.569,0.873,25.239,32332.000,112,0.083,4.990,0,32332.000,1,773,269,123.690,16.996,1.486,0.673,0.955
84,image.tiff:0256-0823,287,117.794,12.153,109,92,166,822.901,257.385,822.877,257.155,66.031,815,245,17,23,25.443,14.362,116.933,0.827,26.420,33807.000,115,0.577,-0.203,0,33807.000,1,817,245,119.476,15.211,1.772,0.564,0.947
85,image.tiff:0302-0682,190,114.111,11.727,111,96,168,682.426,302.363,682.422,302.178,50.978,675,294,15,17,16.626,14.551,109.901,0.919,18.028,21681.000,112,1.519,2.066,0,21681.000,1,680,294,109.440,15.000,1.143,0.875,0.925
86,image.tiff:0286-0751,384,134.727,13.432,141,94,164,752.521,286.365,752.871,286.098,74.042,740,275,23,22,24.805,19.711,44.851,0.880,26.077,51735.000,136,-0.511,-2.289,0,51735.000,1,740,291,32.471,20.506,1.258,0.795,0.955
87,image.tiff:0291-0816,269,138.610,9.035,140,111,166,816.106,291.381,816.078,291.402,64.776,808,280,16,23,25.479,13.443,117.293,0.806,26.926,37286.000,140,-0.714,6.294,0,37286.000,1,809,280,121.329,14.763,1.895,0.528,0.946
88,image.tiff:0271-0914,277,113.455,12.419,105,87,163,914.655,270.168,914.636,270.008,63.431,907,259,15,24,23.414,15.063,86.232,0.865,24.515,31427.000,111,0.920,6.146,0,31427.000,1,913,283,78.232,15.000,1.554,0.643,0.942
89,image.tiff:0290-0938,223,124.135,12.795,134,94,154,937.975,290.074,937.800,290.077,55.419,931,281,14,19,19.551,14.523,83.584,0.912,20.248,27682.000,124,-0.483,4.154,0,27682.000,1,935,300,69.775,14.000,1.346,0.743,0.957
90,image.tiff:0281-0901,103,110.311,22.523,101,80,195,901.481,281.481,901.731,281.143,37.580,897,275,9,13,13.622,9.627,92.654,0.916,13.928,11362.000,103,1.650,2.746,0,11362.000,1,899,275,111.038,9.000,1.415,0.707,0.954
91,image.tiff:0232-0943,258,124.295,15.074,117,98,180,943.671,231.829,943.933,231.724,59.583,934,224,19,16,21.065,15.594,153.472,0.913,22.472,32068.000,122,0.702,3.380,0,32068.000,1,934,226,147.724,16.000,1.351,0.740,0.966
92,image.tiff:0233-0978,197,123.030,15.039,114,92,184,978.678,233.322,978.750,233.515,52.378,970,225,17,16,18.064,13.885,134.690,0.902,19.235,24237.000,123,0.779,-0.107,0,24237.000,1,970,230,152.103,14.142,1.301,0.769,0.929
93,image.tiff:0257-0975,247,112.421,12.434,106,93,178,975.617,257.933,975.582,257.777,59.625,966,248,19,18,18.660,16.854,150.743,0.873,20.248,27768.000,110,2.372,3.919,0,27768.000,1,972,248,122.905,17.488,1.107,0.903,0.917
94,image.tiff:0293-0985,320,127.625,15.554,126,101,190,984.856,292.475,984.989,292.200,68.415,977,281,17,25,24.436,16.674,79.732,0.859,25.632,40840.000,125,1.303,2.295,0,40840.000,1,981,306,69.444,17.000,1.466,0.682,0.940
95,image.tiff:0264-1004,461,138.909,40.097,128,84,254,1003.743,264.520,1004.558,264.796,82.259,993,251,22,27,28.873,20.329,111.426,0.856,30.232,64037.000,127,2.032,3.075,0,64037.000,1,997,252,124.216,21.145,1.420,0.704,0.937
96,image.tiff:0327-0976,278,130.061,13.570,135,97,165,976.140,327.241,976.216,326.876,62.987,968,317,17,21,22.980,15.403,62.539,0.881,24.187,36157.000,132,-0.983,9.509,0,36157.000,1,970,338,60.255,16.530,1.492,0.670,0.949
97,image.tiff:0337-0997,294,121.143,10.906,114,98,160,997.952,336.854,998.088,336.731,63.023,988,328,19,18,20.186,18.544,37.850,0.930,22.204,35616.000,120,-0.420,9.990,0,35616.000,1,989,343,35.838,18.000,1.089,0.919,0.961
98,image.tiff:0328-0929,297,114.886,11.233,104,94,158,930.234,328.520,930.401,328.369,73.120,918,316,23,24,29.675,12.743,49.672,0.698,29.833,34121.000,112,1.247,-3.793,0,34121.000,1,918,338,39.560,13.808,2.329,0.429,0.904
99,image.tiff:0339-0900,168,120.083,14.245,117,91,162,900.292,338.774,900.127,338.731,48.597,892,332,17,14,17.499,12.223,22.896,0.894,18.385,20174.000,120,-0.226,4.641,0,20174.000,1,892,343,22.380,12.973,1.432,0.699,0.908
100,image.tiff:0265-0858,231,118.719,14.555,105,95,166,859.613,265.119,859.550,264.891,58.865,849,256,19,18,19.597,15.008,30.131,0.838,21.024,27424.000,114,0.977,-0.649,0,27424.000,1,849,268,25.346,16.007,1.306,0.766,0.915
101,image.tiff:0250-0849,335,136.704,12.993,139,105,175,849.136,249.652,849.261,249.892,68.971,839,240,21,21,21.854,19.518,110.964,0.885,24.413,45796.000,137,0.103,1.797,0,45796.000,1,841,240,124.992,21.000,1.120,0.893,0.932
102,image.tiff:0214-0895,280,130.771,15.592,140,100,170,895.811,213.946,896.244,213.712,67.728,882,208,26,12,27.851,12.801,178.686,0.767,26.926,36616.000,131,0.576,-3.982,0,36616.000,1,882,212,164.932,12.000,2.176,0.460,0.967
103,image.tiff:0247-0654,239,141.841,12.042,136,110,173,654.638,247.077,654.724,246.804,58.787,647,237,15,21,21.606,14.084,108.503,0.869,22.136,33900.000,143,-0.427,3.457,0,33900.000,1,651,237,108.435,15.000,1.534,0.652,0.939
104,image.tiff:0273-0719,305,128.738,9.952,125,105,153,718.438,272.811,718.371,272.952,65.110,708,264,22,18,22.878,16.974,18.588,0.904,23.770,39265.000,130,-1.314,19.352,0,39265.000,1,708,278,22.249,17.891,1.348,0.742,0.938
105,image.tiff:0315-0715,367,135.223,10.470,132,104,162,714.928,314.936,715.152,314.842,81.157,702,302,26,26,33.762,13.840,43.660,0.700,33.971,49627.000,136,-0.652,8.955,0,49627.000,1,703,326,42.614,14.849,2.439,0.410,0.917
106,image.tiff:0310-0845,341,132.642,14.968,141,95,170,845.257,310.342,845.208,310.077,68.196,835,300,20,21,22.544,19.259,55.822,0.921,24.413,45231.000,134,-0.535,5.359,0,45231.000,1,838,320,55.008,20.000,1.171,0.854,0.946
107,image.tiff:0323-0885,260,121.819,15.651,115,97,174,883.754,324.427,884.112,324.404,66.291,872,317,26,13,25.523,12.970,173.540,0.743,26.306,31673.000,118,1.142,2.274,0,31673.000,1,872,324,171.254,13.000,1.968,0.508,0.947
108,image.tiff:0212-0840,168,129.369,11.640,130,104,161,840.369,213.077,840.553,213.181,52.992,830,206,20,12,19.129,11.182,178.709,0.752,20.616,21734.000,129,0.485,-4.040,0,21734.000,1,830,212,165.964,12.000,1.711,0.585,0.908
109,image.tiff:0246-0889,221,141.959,11.278,146,114,169,889.803,246.812,889.881,246.800,54.938,881,238,17,17,17.923,15.700,49.608,0.920,18.788,31373.000,142,-0.941,14.789,0,31373.000,1,881,251,25.201,16.263,1.142,0.876,0.940
110,image.tiff:0258-0937,206,147.131,19.144,159,108,195,936.718,258.796,937.074,258.824,52.942,929,250,16,16,17.102,15.336,33.744,0.924,19.105,30309.000,148,-0.288,2.514,0,30309.000,1,929,265,42.879,16.000,1.115,0.897,0.941
111,image.tiff:0254-0800,247,146.243,11.962,135,122,184,799.759,254.281,799.882,254.101,58.707,792,244,16,20,20.055,15.682,92.637,0.901,21.190,36122.000,145,1.009,-7.764,0,36122.000,1,797,244,109.290,16.000,1.279,0.782,0.937
112,image.tiff:0240-0674,173,147.827,12.815,144,118,190,674.743,239.922,674.717,239.702,47.960,667,233,15,14,15.837,13.909,169.799,0.945,17.000,25574.000,147,0.153,6.409,0,25574.000,1,667,236,151.928,14.000,1.139,0.878,0.945
113,image.tiff:0246-0428,177,144.938,9.289,140,125,179,428.150,246.658,428.206,246.533,48.643,421,239,14,15,15.911,14.164,74.803,0.940,17.000,25654.000,143,1.456,-11.626,0,25654.000,1,424,254,61.928,14.000,1.123,0.890,0.952
114,image.tiff:0224-0361,240,152.267,12.309,150,122,186,361.579,224.537,361.433,224.433,58.642,351,217,21,15,22.067,13.848,20.289,0.877,22.472,36544.000,150,1.323,-13.126,0,36544.000,1,351,228,20.854,14.633,1.594,0.628,0.932
115,image.tiff:0245-0398,266,158.350,15.129,146,121,203,398.098,245.226,397.943,244.761,64.878,390,233,16,24,25.260,13.408,115.585,0.794,26.401,42121.000,159,0.026,2.225,0,42121.000,1,393,233,114.624,14.319,1.884,0.531,0.932
116,image.tiff:0310-0564,161,131.068,15.994,134,105,173,565.053,309.419,565.048,309.197,47.322,558,302,13,16,16.250,12.615,105.070,0.903,17.000,21102.000,132,0.230,0.863,0,21102.000,1,560,303,118.072,13.000,1.288,0.776,0.931
117,image.tiff:0230-0877,122,162.869,15.059,178,132,198,877.361,229.910,877.281,229.751,41.595,870,225,15,10,15.401,10.086,0.933,0.886,15.811,19870.000,161,0.836,-7.329,0,19870.000,1,870,233,18.435,10.000,1.527,0.655,0.931
118,image.tiff:0240-0917,277,158.946,12.520,149,131,195,917.273,240.096,917.386,239.787,65.639,907,230,20,20,24.730,14.262,45.691,0.808,26.249,44028.000,158,1.617,-19.358,0,44028.000,1,907,249,40.365,16.090,1.734,0.577,0.919
119,image.tiff:0314-0751,288,149.990,11.101,149,111,177,750.330,313.993,750.253,313.878,68.584,737,307,28,14,27.779,13.201,176.300,0.769,28.443,43197.000,150,-0.699,7.029,0,43197.000,1,737,312,169.875,14.000,2.104,0.475,0.923
120,image.tiff:0295-0713,199,143.603,8.156,142,118,170,713.686,295.229,713.799,295.176,53.229,704,289,19,13,19.689,12.869,0.923,0.883,19.925,28577.000,143,1.007,-18.046,0,28577.000,1,704,293,162.474,13.000,1.530,0.654,0.932
121,image.tiff:0291-0518,174,146.241,11.045,152,120,194,517.931,291.397,517.932,291.319,49.514,510,284,16,15,18.034,12.284,39.943,0.892,19.416,25446.000,146,-0.618,24.538,0,25446.000,1,510,297,34.509,12.728,1.468,0.681,0.928
122,image.tiff:0209-0862,106,124.877,19.448,104,93,184,862.991,209.830,862.860,209.694,44.464,857,202,11,15,16.259,8.301,66.960,0.674,16.553,13237.000,122,0.566,-0.841,0,13237.000,1,859,217,64.983,9.843,1.959,0.511,0.806
123,image.tiff:0299-0460,120,154.108,9.879,149,135,183,459.500,299.942,459.491,299.855,41.021,453,294,14,11,14.780,10.338,157.034,0.896,15.652,18493.000,153,0.422,4.335,0,18493.000,1,453,296,153.435,11.000,1.430,0.699,0.930
124,image.tiff:0303-0486,125,157.592,8.856,158,134,180,485.868,303.476,485.820,303.367,42.430,481,296,11,15,15.004,10.608,106.200,0.873,16.155,19699.000,158,-0.964,19.326,0,19699.000,1,482,296,111.801,11.000,1.414,0.707,0.926
125,image.tiff:0353-0036,275,152.029,11.698,149,127,188,35.827,353.369,35.554,353.476,66.415,25,344,22,19,25.419,13.775,33.963,0.783,26.077,41808.000,150,1.288,-11.511,0,41808.000,1,25,359,32.471,14.773,1.845,0.542,0.915
126,image.tiff:0294-0119,206,161.083,12.696,152,137,193,118.825,294.830,118.559,294.834,53.164,110,287,18,15,17.975,14.592,6.675,0.916,18.974,33183.000,160,2.107,-29.957,0,33183.000,1,110,298,18.435,15.000,1.232,0.812,0.941
